Smartphone,Laptop,Tablet,Smartwatch,Headphones
Smartphone,Camera,Tablet,Speaker,Headphones,Monitor
Tablet,Headphones
Smartphone,Camera,Tablet,Speaker,Monitor
Smartphone,Headphones
Camera,Tablet,Speaker,Monitor
Smartphone,Camera,Tablet,Speaker,Headphones,Monitor
Smartphone,Camera,Printer,Tablet,Speaker,Headphones,Monitor
Smartphone,Camera,Tablet,Speaker,Headphones,Monitor
Smartphone,Camera,Headphones,Monitor
Camera,Tablet,Speaker,Monitor
Smartphone,Laptop,Tablet,Smartwatch,Headphones
Smartphone,Printer,Headphones
Smartphone,Camera,Tablet,Speaker,Headphones,Monitor
Smartphone,Camera,Printer,Tablet,Smartwatch,Speaker,Headphones,Monitor
Camera,Tablet,Speaker,Monitor
Camera,Tablet,Speaker,Monitor
Tablet,Smartwatch,Headphones
Smartphone,Camera,Printer,Tablet,Speaker,Headphones,Monitor
Camera,Laptop,Tablet,Smartwatch,Speaker,Headphones,Monitor
Smartphone,Tablet,Smartwatch,Headphones,Monitor
Smartphone,Camera,Tablet,Headphones,Monitor
Smartphone,Headphones
Smartphone,Camera,Tablet,Speaker,Headphones,Monitor
Smartphone,Printer,Headphones
Camera,Tablet,Speaker,Headphones,Monitor
Smartphone,Tablet,Headphones
Smartphone,Camera,Tablet,Speaker,Headphones,Monitor
Smartphone,Camera,Tablet,Speaker,Headphones,Monitor
Smartphone,Tablet,Smartwatch,Speaker,Headphones
Camera,Tablet,Speaker,Monitor
Smartphone,Printer,Tablet,Headphones
Smartphone,Printer,Tablet,Headphones
Smartphone,Printer,Headphones
Smartphone,Tablet,Speaker,Headphones,Monitor
Smartphone,Camera,Printer,Tablet,Speaker,Headphones,Monitor
Smartphone,Camera,Tablet,Speaker,Headphones,Monitor
Smartphone,Camera,Printer,Tablet,Speaker,Headphones
Camera,Tablet,Speaker,Monitor
Smartphone,Camera,Tablet,Speaker,Headphones
Smartphone,Laptop,Printer,Tablet,Smartwatch,Headphones
Camera,Tablet,Monitor
Smartphone,Camera,Printer,Tablet,Speaker,Headphones,Monitor
Smartphone,Camera,Tablet,Speaker,Headphones,Monitor
Smartphone,Camera,Laptop,Printer,Tablet,Smartwatch,Speaker,Headphones,Monitor
Smartphone,Headphones,Monitor
Tablet
Smartphone,Camera,Laptop,Printer,Tablet,Smartwatch,Speaker,Headphones
Tablet,Speaker
Camera,Tablet,Monitor
Smartphone,Camera,Tablet,Speaker,Headphones,Monitor
Smartphone,Laptop,Tablet,Smartwatch,Headphones
Camera,Laptop,Tablet,Smartwatch,Speaker,Monitor
Smartphone,Headphones
Smartphone,Camera,Printer,Tablet,Speaker,Headphones,Monitor
Camera,Printer,Tablet,Speaker
Smartphone,Headphones
Smartphone,Headphones
Smartphone,Camera,Tablet,Speaker,Headphones,Monitor
Smartphone,Camera,Printer,Tablet,Speaker,Headphones,Monitor
Camera,Tablet,Speaker,Monitor
Smartphone,Printer,Smartwatch,Headphones
Smartphone,Camera,Speaker,Headphones
Printer,Tablet,Headphones
Smartphone,Tablet,Headphones
Camera,Tablet,Speaker,Headphones
Smartphone,Headphones
Smartphone,Headphones
Smartphone,Camera,Printer,Tablet,Speaker,Headphones,Monitor
Headphones
Smartphone,Camera,Laptop,Printer,Tablet
Camera,Tablet,Headphones,Monitor
Smartphone,Laptop,Smartwatch,Headphones
Smartphone,Tablet,Speaker,Headphones,Monitor
Smartphone,Camera,Speaker
Smartphone,Headphones
Smartphone,Headphones
Smartphone,Laptop,Printer,Tablet,Smartwatch,Headphones
Smartphone,Headphones
Smartphone,Tablet,Headphones
Smartphone,Printer,Tablet,Headphones
Smartphone,Printer,Headphones
Camera,Printer,Tablet,Speaker,Monitor
Camera,Tablet,Speaker,Monitor
Smartphone,Headphones
Smartphone,Camera,Tablet,Speaker,Headphones,Monitor
Smartphone,Printer,Tablet,Headphones
Smartphone,Printer,Headphones
Smartphone,Headphones
Smartphone,Camera,Tablet,Speaker,Headphones,Monitor
Smartphone,Headphones
Smartphone,Camera,Printer,Tablet,Speaker,Headphones,Monitor
Smartphone,Tablet,Speaker,Headphones
Smartphone,Camera,Printer,Tablet,Speaker,Headphones,Monitor
Smartphone,Camera,Printer,Tablet,Speaker,Headphones,Monitor
Smartphone,Headphones
Smartphone,Laptop,Printer,Tablet,Smartwatch,Headphones
Smartphone,Camera,Tablet,Speaker,Monitor
Smartphone,Camera,Tablet,Speaker,Monitor
Smartphone,Headphones
Smartphone,Camera,Printer,Tablet,Speaker,Headphones,Monitor
Smartphone,Camera,Tablet,Speaker,Headphones,Monitor
Smartphone,Camera,Tablet,Speaker,Headphones,Monitor
Camera,Tablet,Speaker,Monitor
Camera,Tablet,Speaker,Monitor
Smartphone,Tablet,Headphones
Smartphone,Camera,Tablet,Speaker,Headphones,Monitor
Camera,Printer,Tablet,Speaker,Headphones,Monitor
Smartphone,Tablet,Speaker,Headphones
Smartphone,Camera,Tablet,Headphones
Tablet,Headphones
Smartphone,Camera,Laptop,Smartwatch,Speaker,Headphones,Monitor
Smartphone,Printer,Tablet,Headphones,Monitor
Smartphone,Camera,Tablet,Speaker,Headphones
Camera,Speaker,Monitor
Smartphone,Camera,Tablet,Headphones,Monitor
Smartphone,Camera,Tablet,Speaker,Headphones,Monitor
Smartphone,Laptop,Printer,Tablet,Smartwatch,Headphones
Smartphone,Camera,Tablet,Speaker,Headphones,Monitor
Smartphone,Camera,Tablet,Speaker,Headphones,Monitor
Camera,Speaker,Monitor
Smartphone,Camera,Printer,Tablet,Smartwatch,Speaker,Headphones,Monitor
Smartphone,Camera,Tablet,Headphones,Monitor
Smartphone,Camera,Printer,Tablet,Speaker,Headphones
Smartphone,Printer,Tablet,Headphones
Camera,Tablet,Speaker,Monitor
Smartphone,Camera,Tablet,Speaker,Headphones,Monitor
Camera,Printer,Tablet,Speaker,Monitor
Smartphone,Tablet,Headphones
Smartphone,Camera,Laptop,Tablet,Headphones,Monitor
Smartphone,Camera,Printer,Tablet,Headphones
Smartphone,Camera,Laptop,Printer,Tablet,Smartwatch,Speaker,Headphones,Monitor
Smartphone,Laptop,Tablet,Smartwatch,Headphones,Monitor
Camera,Tablet,Speaker,Headphones,Monitor
Smartphone,Camera,Printer,Tablet,Speaker,Headphones,Monitor
Smartphone,Printer,Headphones
Camera,Tablet,Speaker
Smartphone,Printer,Tablet,Speaker,Headphones,Monitor
Camera,Tablet,Speaker,Monitor
Smartphone,Speaker,Headphones,Monitor
Smartphone,Camera,Laptop,Tablet,Speaker,Headphones,Monitor
Smartphone,Camera,Printer,Tablet,Headphones
Tablet
Smartphone,Headphones
Smartphone,Camera,Printer,Tablet,Speaker,Headphones,Monitor
Smartphone,Camera,Printer,Tablet,Speaker,Headphones,Monitor
Smartphone,Printer,Tablet,Speaker,Monitor
Smartphone,Camera,Tablet,Speaker
Smartphone,Camera,Printer,Tablet,Speaker,Headphones,Monitor
Smartphone,Camera,Printer,Tablet,Speaker,Headphones
Smartphone,Camera,Tablet,Headphones,Monitor
Smartphone,Tablet,Headphones,Monitor
Smartphone,Camera,Tablet,Speaker,Headphones,Monitor
Smartphone,Camera,Printer,Tablet,Speaker,Headphones,Monitor
Smartphone,Camera,Printer,Speaker,Headphones
Camera,Tablet,Speaker,Monitor
Smartphone,Camera,Tablet,Speaker,Headphones,Monitor
Smartphone,Tablet,Headphones
Smartphone,Printer,Tablet,Speaker,Headphones,Monitor
Smartphone,Headphones
Smartphone,Camera,Laptop,Tablet,Smartwatch,Headphones
Smartphone,Laptop,Printer,Smartwatch,Headphones
Smartphone,Camera,Tablet,Speaker,Headphones,Monitor
Smartphone,Laptop,Printer,Smartwatch,Headphones
Smartphone,Camera,Tablet,Speaker,Headphones,Monitor
Smartphone,Laptop,Smartwatch,Headphones
Smartphone,Camera,Tablet,Headphones,Monitor
Smartphone,Printer,Tablet,Headphones
Smartphone,Tablet,Headphones
Camera,Tablet,Speaker,Monitor
Smartphone,Headphones
Smartphone,Tablet,Smartwatch,Headphones
Camera,Tablet,Speaker,Monitor
Smartphone,Camera,Laptop,Printer,Tablet,Smartwatch,Speaker,Headphones,Monitor
Smartphone,Camera,Tablet,Headphones
Smartphone,Camera,Tablet,Speaker,Headphones,Monitor
Smartphone,Camera,Printer,Tablet,Speaker,Headphones,Monitor
Smartphone,Camera,Tablet,Speaker,Headphones,Monitor
Smartphone,Camera,Printer,Tablet,Speaker,Headphones,Monitor
Camera,Tablet,Speaker
Smartphone,Camera,Laptop,Tablet,Smartwatch,Speaker,Headphones
Smartphone,Camera,Tablet,Speaker,Headphones,Monitor
Smartphone,Camera,Tablet,Speaker,Headphones,Monitor
Smartphone,Camera,Printer,Tablet,Speaker,Headphones,Monitor
Smartphone,Printer,Tablet,Speaker,Headphones
Smartphone,Camera,Tablet,Speaker,Headphones,Monitor
Smartphone,Camera,Printer,Tablet,Speaker,Headphones,Monitor
Smartphone,Laptop,Printer,Smartwatch,Headphones,Monitor
Laptop,Smartwatch
Camera,Tablet,Speaker,Monitor
Smartphone,Camera,Tablet,Speaker,Headphones,Monitor
Camera,Printer,Tablet,Speaker,Monitor
Laptop,Printer,Smartwatch
Smartphone,Laptop,Tablet,Headphones
Camera,Tablet,Speaker
Camera,Tablet,Speaker,Monitor
Smartphone,Printer,Tablet,Headphones
Smartphone,Camera,Tablet,Speaker,Headphones,Monitor
Printer
Smartphone,Camera,Tablet,Speaker,Headphones
Smartphone,Camera,Speaker,Headphones,Monitor
Smartphone,Laptop,Tablet,Smartwatch,Headphones
Smartphone,Camera,Tablet,Speaker,Headphones,Monitor
Smartphone,Tablet,Smartwatch,Headphones
Smartphone,Camera,Printer,Tablet,Speaker,Headphones,Monitor
Smartphone,Camera,Speaker,Headphones
Smartphone,Camera,Tablet,Headphones
Smartphone,Tablet,Headphones
Camera,Tablet,Speaker,Monitor
Smartphone,Camera,Tablet,Headphones,Monitor
Smartphone
Smartphone,Printer,Monitor
Camera,Tablet,Speaker
Smartphone,Camera,Printer,Tablet,Speaker,Monitor
Smartphone,Speaker,Headphones,Monitor
Smartphone,Camera,Tablet,Speaker,Headphones,Monitor
Smartphone,Printer,Tablet,Speaker,Headphones
Smartphone,Camera,Printer,Tablet,Speaker,Headphones,Monitor
Smartphone,Camera,Tablet,Speaker,Headphones,Monitor
Smartphone,Printer,Tablet,Smartwatch,Headphones
Smartphone,Camera,Tablet,Speaker,Headphones,Monitor
Printer,Headphones
Smartphone,Camera,Tablet,Headphones,Monitor
Smartphone,Camera,Printer,Tablet,Speaker,Headphones,Monitor
Smartphone,Tablet,Headphones
Smartphone,Camera,Tablet,Speaker,Headphones
Tablet,Speaker,Monitor
Smartphone,Headphones
Smartphone,Tablet,Headphones
Smartphone,Tablet,Speaker,Headphones,Monitor
Smartphone,Camera,Printer,Tablet,Smartwatch,Headphones
Camera,Laptop,Tablet,Smartwatch,Speaker,Monitor
Camera,Tablet,Speaker,Headphones,Monitor
Smartphone,Camera,Tablet,Speaker,Headphones,Monitor
Camera,Printer,Tablet,Speaker,Monitor
Smartphone,Camera,Printer,Tablet,Speaker,Headphones,Monitor
Smartphone,Camera,Printer,Tablet,Speaker,Headphones,Monitor
Smartphone,Printer,Tablet,Headphones
Printer,Tablet
Smartphone,Camera,Printer,Tablet,Speaker,Headphones,Monitor
Smartphone,Camera,Printer,Tablet,Speaker
Smartphone,Headphones
Smartphone,Tablet,Speaker,Headphones,Monitor
Smartphone,Camera,Printer,Tablet,Speaker,Headphones,Monitor
Printer,Headphones
Smartphone,Camera,Tablet,Speaker,Headphones,Monitor
Smartphone,Headphones
Smartphone,Printer,Tablet,Headphones,Monitor
Camera,Tablet,Speaker,Headphones,Monitor
Camera,Printer,Tablet,Speaker,Headphones,Monitor
Smartphone,Camera,Printer,Tablet,Speaker,Headphones
Tablet,Smartwatch
Smartphone,Camera,Tablet
Smartphone,Camera,Printer,Tablet,Speaker,Headphones,Monitor
Camera,Tablet,Speaker,Monitor
Camera,Printer,Tablet,Speaker,Monitor
Smartphone,Laptop,Tablet,Smartwatch,Headphones,Monitor
Camera,Speaker,Monitor
Smartphone,Camera,Tablet,Speaker,Headphones,Monitor
Smartphone,Headphones
Smartphone,Camera,Printer,Tablet,Speaker,Headphones,Monitor
Camera,Tablet,Speaker,Monitor
Smartphone,Headphones
Smartphone,Printer,Speaker,Headphones,Monitor
Smartphone,Camera,Laptop,Tablet,Smartwatch
Camera,Tablet,Speaker,Monitor
Smartphone,Camera,Tablet,Speaker,Headphones,Monitor
Smartphone,Laptop,Smartwatch,Headphones
Smartphone,Camera,Printer,Tablet,Smartwatch,Speaker,Headphones
Smartphone,Printer,Headphones
Smartphone,Camera,Printer,Tablet,Headphones
Smartphone,Camera,Printer,Tablet,Speaker,Headphones,Monitor
Smartphone,Laptop,Smartwatch,Headphones
Smartphone,Camera,Tablet,Headphones,Monitor
Smartphone,Camera,Tablet,Speaker,Headphones,Monitor
Smartphone,Camera,Tablet,Speaker,Headphones
Smartphone,Laptop,Printer,Tablet,Headphones
Camera,Printer,Tablet,Speaker,Monitor
Smartphone,Printer,Tablet,Headphones
Smartphone,Tablet,Headphones
Camera,Tablet,Speaker,Monitor
Smartphone,Laptop,Printer,Tablet,Smartwatch
Smartphone,Camera,Printer,Tablet,Speaker,Headphones,Monitor
Smartphone,Printer,Tablet
Smartphone,Laptop,Printer,Headphones
Smartphone,Tablet,Headphones
Smartphone,Camera,Tablet,Headphones,Monitor
Camera,Printer,Tablet,Monitor
Camera,Printer,Tablet,Speaker,Monitor
Tablet,Speaker,Monitor
Smartphone,Camera,Printer,Tablet,Headphones
Smartphone,Headphones
Smartphone,Camera,Tablet,Speaker,Headphones,Monitor
Smartphone,Camera,Tablet,Speaker,Headphones,Monitor
Laptop,Tablet
Smartphone,Camera,Printer,Speaker,Headphones
Smartphone
Smartphone,Laptop,Smartwatch,Headphones
Smartphone,Camera,Tablet,Smartwatch,Headphones,Monitor
Smartphone,Printer,Tablet,Headphones
Smartphone,Speaker,Headphones
Smartphone,Camera,Tablet,Headphones,Monitor
Smartphone,Camera,Printer,Tablet,Headphones
Smartphone,Printer,Tablet,Speaker,Headphones,Monitor
Smartphone,Printer,Tablet,Headphones
Smartphone,Camera,Printer,Tablet,Headphones,Monitor
Smartphone,Camera,Printer,Tablet,Speaker,Headphones,Monitor
Smartphone,Camera,Printer,Tablet,Monitor
Smartphone,Camera,Printer,Tablet,Speaker,Headphones,Monitor
Camera,Tablet,Speaker,Monitor
Smartphone,Camera,Tablet,Speaker,Headphones
Smartphone,Headphones
Smartphone,Printer,Tablet,Headphones,Monitor
Smartphone,Laptop,Headphones
Smartphone,Camera,Laptop,Tablet,Smartwatch,Speaker,Headphones,Monitor
Camera,Tablet,Speaker,Monitor
Smartphone,Camera,Tablet,Speaker,Monitor
Printer,Tablet
Camera,Printer,Tablet,Smartwatch,Speaker,Monitor
Smartphone,Camera,Tablet,Speaker,Headphones,Monitor
Smartphone,Printer,Tablet,Speaker,Headphones,Monitor
Tablet
Smartphone,Headphones
Smartphone,Camera,Tablet,Speaker,Headphones
Camera,Printer,Tablet,Speaker,Monitor
Smartphone,Printer,Tablet,Speaker,Headphones
Smartphone,Camera,Printer,Tablet,Speaker,Headphones,Monitor
Smartphone,Camera,Tablet,Speaker,Headphones,Monitor
Smartphone,Camera,Printer,Tablet,Speaker,Headphones,Monitor
Camera,Tablet,Monitor
Smartphone,Printer,Headphones
Smartphone,Camera,Printer,Tablet,Speaker,Headphones,Monitor
Smartphone,Camera,Printer,Tablet,Speaker,Headphones,Monitor
Camera,Printer,Tablet,Speaker,Headphones,Monitor
Smartphone,Camera,Tablet,Speaker,Headphones,Monitor
Smartphone,Camera,Printer,Tablet,Speaker,Headphones,Monitor
Camera,Tablet,Speaker,Headphones,Monitor
Smartphone,Tablet,Speaker,Headphones
Smartphone,Camera,Tablet,Speaker,Headphones
Camera,Tablet,Speaker,Monitor
Smartphone,Camera,Tablet,Smartwatch,Speaker,Monitor
Smartphone,Camera,Printer,Tablet,Speaker,Headphones,Monitor
Smartphone,Tablet,Speaker,Headphones,Monitor
Smartphone,Camera,Printer,Tablet,Speaker,Headphones,Monitor
Smartphone,Camera,Tablet,Speaker,Monitor
Smartphone,Laptop,Printer,Tablet,Smartwatch,Headphones
Smartphone,Speaker,Headphones
Smartphone,Headphones
Smartphone,Camera,Tablet,Headphones,Monitor
Camera,Tablet,Monitor
Camera,Laptop,Tablet,Smartwatch,Speaker,Monitor
Smartphone,Camera,Printer,Tablet,Speaker,Headphones
Smartphone,Headphones
Smartphone,Camera,Tablet,Speaker,Headphones,Monitor
Smartphone,Tablet,Headphones
Camera,Tablet
Smartphone,Camera,Tablet,Speaker,Headphones,Monitor
Smartphone,Headphones
Smartphone,Printer,Tablet,Headphones
Smartphone,Camera,Printer,Tablet,Speaker
Smartphone,Laptop,Printer,Smartwatch,Headphones
Smartphone,Printer,Headphones
Camera,Speaker,Monitor
Smartphone,Camera,Printer,Tablet,Speaker,Headphones
Camera,Tablet,Speaker,Headphones,Monitor
Smartphone,Printer,Tablet
Camera,Speaker,Monitor
Camera,Laptop,Tablet,Speaker,Monitor
Smartphone,Camera,Printer,Tablet,Speaker,Headphones,Monitor
Headphones
Smartphone,Camera,Tablet,Speaker,Headphones,Monitor
Smartphone,Camera,Printer,Tablet,Speaker,Headphones,Monitor
Smartphone,Headphones
Camera,Laptop,Printer,Tablet,Smartwatch,Monitor
Smartphone,Camera,Tablet,Speaker,Headphones,Monitor
Camera,Tablet,Speaker
Smartphone,Camera,Tablet,Speaker,Headphones,Monitor
Smartphone,Camera,Tablet,Speaker,Headphones,Monitor
Smartphone,Camera,Tablet,Headphones
Smartphone,Camera,Tablet,Speaker,Headphones,Monitor
Smartphone,Printer,Tablet,Headphones
Smartphone,Camera,Printer,Headphones
Camera,Printer,Tablet,Speaker,Monitor
Smartphone,Camera,Tablet,Speaker,Headphones,Monitor
Camera,Laptop,Tablet,Smartwatch,Speaker,Monitor
Smartphone,Camera,Tablet,Headphones,Monitor
Smartphone,Printer,Headphones
Smartphone,Printer,Tablet,Headphones
Smartphone,Camera,Tablet,Headphones
Smartphone,Printer,Headphones
Smartphone,Laptop,Printer,Tablet,Smartwatch,Speaker,Headphones,Monitor
Smartphone,Camera,Tablet,Speaker,Headphones,Monitor
Smartphone,Camera,Printer,Tablet,Headphones,Monitor
Smartphone,Camera,Tablet,Headphones
Smartphone,Tablet,Headphones
Smartphone,Laptop,Tablet,Smartwatch,Headphones
Camera,Tablet,Speaker,Monitor
Smartphone,Printer,Tablet,Speaker,Headphones,Monitor
Smartphone,Camera,Tablet,Speaker,Headphones,Monitor
Smartphone,Headphones
Smartphone,Camera,Tablet,Speaker,Headphones,Monitor
Smartphone,Laptop,Tablet,Smartwatch,Headphones,Monitor
Smartphone,Smartwatch,Headphones
Smartphone,Headphones
Tablet,Speaker,Monitor
Smartphone,Printer,Tablet,Headphones
Smartphone,Camera,Printer,Tablet,Speaker,Headphones,Monitor
Tablet
Tablet,Speaker,Monitor
Smartphone,Camera,Tablet,Speaker,Headphones,Monitor
Smartphone,Camera,Laptop,Headphones,Monitor
Camera,Tablet,Speaker,Headphones,Monitor
Smartphone,Printer,Speaker,Headphones,Monitor
Smartphone,Printer,Tablet,Speaker,Headphones,Monitor
Smartphone,Printer,Tablet,Headphones
Smartphone,Camera,Printer,Tablet,Speaker,Headphones,Monitor
Smartphone,Camera,Tablet,Speaker,Headphones
Smartphone,Camera,Tablet,Speaker,Headphones,Monitor
Smartphone,Camera,Laptop,Smartwatch,Speaker,Headphones
Smartphone,Tablet,Headphones
Smartphone,Printer,Tablet,Headphones
Camera,Laptop,Tablet,Smartwatch,Speaker,Monitor
Smartphone,Camera,Printer,Tablet,Speaker,Headphones,Monitor
Smartphone,Printer,Tablet,Headphones
Tablet,Speaker,Headphones,Monitor
Smartphone,Printer,Speaker,Headphones,Monitor
Smartphone,Camera,Tablet,Headphones
Camera,Tablet
Camera,Tablet,Speaker,Monitor
Camera,Tablet,Speaker,Monitor
Smartphone,Printer,Headphones
Smartphone,Laptop,Tablet,Smartwatch,Headphones
Smartphone,Laptop,Tablet,Smartwatch,Speaker,Headphones,Monitor
Smartphone,Printer,Headphones
Printer
Smartphone,Headphones
Smartphone,Camera,Printer,Tablet,Speaker,Headphones,Monitor
Smartphone,Camera,Laptop,Printer,Tablet,Smartwatch,Speaker,Headphones,Monitor
Smartphone,Camera,Tablet,Speaker,Headphones,Monitor
Smartphone,Headphones
Smartphone,Headphones
Smartphone,Camera,Tablet,Speaker,Headphones,Monitor
Smartphone,Camera,Tablet,Speaker,Headphones,Monitor
Smartphone,Camera,Headphones,Monitor
Laptop,Printer,Tablet,Smartwatch,Speaker,Monitor
Smartphone,Camera,Printer,Tablet,Speaker,Headphones,Monitor
Smartphone,Camera,Printer,Tablet,Speaker,Headphones
Camera,Speaker,Monitor
Smartphone,Camera,Tablet,Speaker,Headphones
Tablet,Headphones
Camera,Tablet,Speaker,Monitor
Speaker,Monitor
Smartphone,Camera,Printer,Tablet,Speaker,Headphones,Monitor
Camera,Printer,Tablet,Monitor
Smartphone,Camera,Tablet,Speaker,Headphones,Monitor
Smartphone,Printer,Headphones
Smartphone,Laptop,Printer,Tablet,Smartwatch,Speaker,Headphones,Monitor
Smartphone,Camera,Laptop,Printer,Tablet,Speaker,Headphones,Monitor
Camera,Printer,Tablet,Speaker,Monitor
Smartphone,Printer,Headphones
Smartphone,Printer,Headphones
Smartphone,Camera,Printer,Tablet,Headphones
Smartphone,Camera,Tablet,Speaker,Headphones,Monitor
Smartphone,Laptop,Smartwatch,Headphones
Smartphone,Camera,Printer,Tablet,Speaker,Headphones
Camera,Tablet,Speaker,Headphones
Smartphone,Printer,Tablet,Speaker,Headphones
Smartphone,Tablet,Headphones
Camera,Tablet,Speaker,Headphones,Monitor
Smartphone,Laptop,Tablet,Smartwatch,Headphones
Smartphone,Camera,Headphones
Smartphone,Camera,Tablet,Speaker,Headphones
Smartphone,Laptop,Printer,Smartwatch,Headphones
Smartphone,Tablet,Speaker,Headphones,Monitor
Camera,Printer,Tablet,Speaker,Monitor
Smartphone,Camera,Printer,Speaker,Headphones,Monitor
Smartphone,Headphones
Camera,Tablet,Speaker,Monitor
Smartphone,Printer,Tablet,Speaker,Headphones,Monitor
Smartphone,Camera,Tablet,Speaker,Headphones,Monitor
Smartphone,Camera,Printer,Tablet,Speaker,Headphones,Monitor
Smartphone,Camera,Tablet,Speaker,Headphones,Monitor
Smartphone,Camera,Tablet,Speaker,Headphones
Camera,Printer,Tablet,Speaker
Smartphone,Tablet,Speaker,Headphones,Monitor
Smartphone,Headphones
Tablet,Speaker,Monitor
Smartphone,Camera,Tablet,Speaker,Headphones,Monitor
Smartphone,Camera,Printer,Tablet,Speaker,Headphones,Monitor
Camera,Laptop,Tablet,Speaker,Monitor
Camera,Printer,Tablet,Speaker,Monitor
Smartphone,Camera,Tablet,Headphones
Smartphone,Laptop,Smartwatch,Headphones
Smartphone,Camera,Tablet,Speaker,Headphones,Monitor
Smartphone,Camera,Tablet,Speaker,Headphones,Monitor
Smartphone,Camera,Speaker,Headphones,Monitor
Smartphone,Headphones
Smartphone,Headphones
Camera,Tablet,Speaker,Monitor
Camera,Tablet,Speaker
Smartphone,Camera,Headphones
Camera,Tablet,Monitor
